bank_id,bank_name,country,quarter,CET1_model,leverage_ratio_model,RWA_density,ROA,overall_risk_score,availability_date_method,point_in_time_status
0W2PZJM8XOY22M4GG883,,DE,2020-09-30,0.1462774155,0.047573986,0.3054598865858244,0.0015950115594832788,0.19700806068136545,quarter_end_plus_120_days,conservative_pseudo_pit
0W2PZJM8XOY22M4GG883,,DE,2020-12-31,0.1503947025,0.0592274784,0.37008744824417417,0.00249085703520077,0.07464794782794573,quarter_end_plus_120_days,conservative_pseudo_pit
0W2PZJM8XOY22M4GG883,,DE,2021-03-31,0.1545129168,0.0549490872,0.3369121764606462,0.000968302972733936,-0.10666676671671457,quarter_end_plus_120_days,conservative_pseudo_pit
0W2PZJM8XOY22M4GG883,,DE,2021-06-30,0.1528215136,0.0574286012,0.32457583232087206,0.002169415799484472,0.13527810212925503,quarter_end_plus_120_days,conservative_pseudo_pit
0W2PZJM8XOY22M4GG883,,DE,2021-09-30,0.1502248209,0.0568958669,0.3222769671648903,0.003967608408297616,-0.029485729939684402,quarter_end_plus_120_days,conservative_pseudo_pit
0W2PZJM8XOY22M4GG883,,DE,2021-12-31,0.1523972841,0.0624455952,0.3470862123907069,0.006021226968689038,-0.22932255460709314,quarter_end_plus_120_days,conservative_pseudo_pit
0W2PZJM8XOY22M4GG883,,DE,2022-03-31,0.1658611367,0.0618024897,0.314962426205661,0.0021752114373547577,-0.730296273347073,quarter_end_plus_120_days,conservative_pseudo_pit
0W2PZJM8XOY22M4GG883,,DE,2022-06-30,0.1577439186,0.060901278,0.31895970022239456,0.006009690916565476,-0.9628769799078446,quarter_end_plus_120_days,conservative_pseudo_pit
0W2PZJM8XOY22M4GG883,,DE,2022-09-30,0.1625064266,0.0580015055,0.2896861369283167,0.005296523555165271,0.12639670168624795,quarter_end_plus_120_days,conservative_pseudo_pit
0W2PZJM8XOY22M4GG883,,DE,2022-12-31,0.174180632,0.0707974896,0.3214008358227927,0.005463748943133861,0.07270749482831496,quarter_end_plus_120_days,conservative_pseudo_pit
0W2PZJM8XOY22M4GG883,,DE,2023-03-31,0.1817020823,0.0647544218,0.2781604586647634,0.0025558174437230563,-0.48250195797888085,quarter_end_plus_120_days,conservative_pseudo_pit
0W2PZJM8XOY22M4GG883,,DE,2023-06-30,0.1875473425,0.0687757337,0.2770472188287438,0.00464206538008885,-0.240103527602255,quarter_end_plus_120_days,conservative_pseudo_pit
0W2PZJM8XOY22M4GG883,,DE,2023-09-30,0.1826282877382,0.07206427117662,0.293030970738053,0.007345090951785044,-0.1544576747082458,quarter_end_plus_120_days,conservative_pseudo_pit
0W2PZJM8XOY22M4GG883,,DE,2023-12-31,0.19181648423134,0.09181024067285,0.3594538758760676,0.008868348048614978,-0.2379710458493607,quarter_end_plus_120_days,conservative_pseudo_pit
0W2PZJM8XOY22M4GG883,,DE,2024-03-31,0.18278072121469,0.07932785084148,0.3336725254167692,0.0013524524492922946,0.1992229678741001,quarter_end_plus_120_days,conservative_pseudo_pit
0W2PZJM8XOY22M4GG883,,DE,2024-06-30,0.18282221844874,0.07693322726436,0.3283754367112247,0.003814249943046272,-0.11535367242839725,quarter_end_plus_120_days,conservative_pseudo_pit
21380051GNDG65QWAO66,,DE,2022-03-31,0.1230194816,0.0439432418,0.385811893070169,0.0009708797159035028,0.4650394016712374,quarter_end_plus_120_days,conservative_pseudo_pit
21380051GNDG65QWAO66,,DE,2022-06-30,0.1242077814,0.0422487019,0.3577002809234177,0.0010957715498555209,0.6442110370053131,quarter_end_plus_120_days,conservative_pseudo_pit
2138008AVF4W7FMW8W87,,RO,2024-03-31,0.18062025563513,0.0515786327679,0.2981199699880227,0.00242371610297652,-0.1371599929439574,quarter_end_plus_120_days,conservative_pseudo_pit
2138008AVF4W7FMW8W87,,RO,2024-06-30,0.17197541419292,0.04576257752174,0.2900629708094182,0.0029962694396864545,0.6025981530578552,quarter_end_plus_120_days,conservative_pseudo_pit
2138009Y59EAR7H1UO97,,LV,2020-09-30,0.1866153137,0.0707327954,0.385729761169489,-0.004672881886199663,1.6440909092260412,quarter_end_plus_120_days,conservative_pseudo_pit
2138009Y59EAR7H1UO97,,LV,2020-12-31,0.2210611231,0.0737823844,0.3405250555653118,0.0007536347160575982,-1.5234922797091026,quarter_end_plus_120_days,conservative_pseudo_pit
2138009Y59EAR7H1UO97,,LV,2021-03-31,0.1491106079,0.0712536545,0.4894035318289314,0.002227673484714406,1.6052937837549788,quarter_end_plus_120_days,conservative_pseudo_pit
2138009Y59EAR7H1UO97,,LV,2021-06-30,0.1523173347,0.0692291473,0.46592679636801265,0.0067900897271374275,-1.3608701779424395,quarter_end_plus_120_days,conservative_pseudo_pit
2138009Y59EAR7H1UO97,,LV,2021-09-30,0.1589805871,0.0740013023,0.47826093907854306,0.009114932616890007,-0.8476423368542851,quarter_end_plus_120_days,conservative_pseudo_pit
2138009Y59EAR7H1UO97,,LV,2021-12-31,0.163129319,0.0758438407,0.4799724200533397,0.010821346460200316,-0.46570446398579024,quarter_end_plus_120_days,conservative_pseudo_pit
2138009Y59EAR7H1UO97,,LV,2022-03-31,0.1576901677,0.0743343167,0.48614452795418384,0.0021680315230861616,0.06706738820401527,quarter_end_plus_120_days,conservative_pseudo_pit
2138009Y59EAR7H1UO97,,LV,2022-06-30,0.1489747769,0.0736786997,0.5080816618522614,0.0036596625334112723,0.04624600948168517,quarter_end_plus_120_days,conservative_pseudo_pit
2138009Y59EAR7H1UO97,,LV,2022-09-30,0.1455891487,0.0715994627,0.5030751961968062,0.006144032238392195,-0.33134385960172086,quarter_end_plus_120_days,conservative_pseudo_pit
2138009Y59EAR7H1UO97,,LV,2022-12-31,0.1668044792,0.0714827456,0.43689945960520143,0.007901127534965947,-0.3819097815885097,quarter_end_plus_120_days,conservative_pseudo_pit
2138009Y59EAR7H1UO97,,LV,2023-03-31,0.1708715812,0.0750430311,0.44780102908884906,0.0044995272527596376,-0.586478851605397,quarter_end_plus_120_days,conservative_pseudo_pit
2138009Y59EAR7H1UO97,,LV,2023-06-30,0.1729732031,0.0794725466,0.4691323206268101,0.012462728850622991,-1.562154418485812,quarter_end_plus_120_days,conservative_pseudo_pit
2138009Y59EAR7H1UO97,,LV,2023-09-30,0.17961710929876,0.08103903505624,0.4604014048381124,0.01972632380663459,-1.7118590448261897,quarter_end_plus_120_days,conservative_pseudo_pit
2138009Y59EAR7H1UO97,,LV,2023-12-31,0.19567840026771,0.09216341369822,0.48195989864205147,0.02137374743784022,-0.8197173615237627,quarter_end_plus_120_days,conservative_pseudo_pit
2138009Y59EAR7H1UO97,,LV,2024-03-31,0.19288106120122,0.09361053842412,0.49724003495415603,0.005110731336590094,-0.0669608904278415,quarter_end_plus_120_days,conservative_pseudo_pit
2138009Y59EAR7H1UO97,,LV,2024-06-30,0.18715327343698,0.09609283049439,0.5268415181634579,0.010006884281032183,-0.7125383670142149,quarter_end_plus_120_days,conservative_pseudo_pit
213800HDJ876ACJXXD05,,SI,2022-03-31,0.176923752,0.1059409481,0.6568289297039839,0.023280601786999217,-13.121296065014377,quarter_end_plus_120_days,conservative_pseudo_pit
213800HDJ876ACJXXD05,,SI,2022-06-30,0.1711790317,0.1099826766,0.6968199678455607,0.027834106316125477,-3.978707197154482,quarter_end_plus_120_days,conservative_pseudo_pit
213800HDJ876ACJXXD05,,SI,2022-09-30,0.1716849284,0.1147280411,0.7160363781919672,0.03118810256284687,-3.003933775140525,quarter_end_plus_120_days,conservative_pseudo_pit
213800HDJ876ACJXXD05,,SI,2022-12-31,0.1853540228,0.1179285325,0.6899579516647386,0.03234344314690816,-1.7943649667625239,quarter_end_plus_120_days,conservative_pseudo_pit
213800HDJ876ACJXXD05,,SI,2023-03-31,0.1896682396,0.1206878139,0.6759428063961264,0.006085346955326206,1.1606029021896105,quarter_end_plus_120_days,conservative_pseudo_pit
213800HDJ876ACJXXD05,,SI,2023-06-30,0.2315709786,0.1436361027,0.6570649681244313,0.01087832236521643,-2.118941331547883,quarter_end_plus_120_days,conservative_pseudo_pit
213800HDJ876ACJXXD05,,SI,2023-09-30,0.23317264568035,0.13989493786106,0.6346951250162707,0.01612488277725713,-1.4666769875689853,quarter_end_plus_120_days,conservative_pseudo_pit
213800HDJ876ACJXXD05,,SI,2023-12-31,0.17364663580959,0.11055768550562,0.6741302264111507,0.01887808719868586,0.5416356294685485,quarter_end_plus_120_days,conservative_pseudo_pit
213800HDJ876ACJXXD05,,SI,2024-03-31,0.17950018884055,0.11623528392207,0.6823233692169851,0.0027672053101873,0.2759105006937382,quarter_end_plus_120_days,conservative_pseudo_pit
213800HDJ876ACJXXD05,,SI,2024-06-30,0.17786228462062,0.11646958220357,0.6965036561405227,0.008060606972303302,-0.622948801425256,quarter_end_plus_120_days,conservative_pseudo_pit
213800RZWHE5EUX9R444,,EE,2020-09-30,0.2199327439,0.1071303896,0.5087215546493208,0.0010181776237272661,-0.14054097501698312,quarter_end_plus_120_days,conservative_pseudo_pit
213800RZWHE5EUX9R444,,EE,2020-12-31,0.2238517743,0.1015877485,0.4748199150580557,0.002213419506329572,-0.3312035741541793,quarter_end_plus_120_days,conservative_pseudo_pit
213800RZWHE5EUX9R444,,EE,2021-03-31,0.23420092,0.1077035592,0.4825331819064134,0.00039522603238626846,-0.5567793841758479,quarter_end_plus_120_days,conservative_pseudo_pit
213800RZWHE5EUX9R444,,EE,2021-06-30,0.2309782061,0.1138094302,0.5149773209160914,0.0019722628966333737,-0.3163263007018574,quarter_end_plus_120_days,conservative_pseudo_pit
213800RZWHE5EUX9R444,,EE,2021-09-30,0.2227676467,0.109560981,0.5140407892017587,0.003803619867527448,-0.2563429410672653,quarter_end_plus_120_days,conservative_pseudo_pit
213800RZWHE5EUX9R444,,EE,2021-12-31,0.2047323049,0.1026214784,0.5247335292252472,0.005594612144042813,-0.05026093734119391,quarter_end_plus_120_days,conservative_pseudo_pit
213800RZWHE5EUX9R444,,EE,2022-03-31,0.2119571262,0.1044288895,0.5132670782437556,0.0010860037333833812,-0.5506903205264175,quarter_end_plus_120_days,conservative_pseudo_pit
213800RZWHE5EUX9R444,,EE,2022-06-30,0.2060844759,0.0996711139,0.5043322532211028,0.003069654329248889,-0.4193121417533824,quarter_end_plus_120_days,conservative_pseudo_pit
213800RZWHE5EUX9R444,,EE,2022-09-30,0.1835831912,0.0918743007,0.5224477599148533,0.005737021249885705,-0.08777387299336126,quarter_end_plus_120_days,conservative_pseudo_pit
213800RZWHE5EUX9R444,,EE,2022-12-31,0.1837852327,0.091328711,0.5192587082749535,0.008433186202136721,-0.35677405148911084,quarter_end_plus_120_days,conservative_pseudo_pit
213800RZWHE5EUX9R444,,EE,2023-03-31,0.1958802494,0.0889475483,0.47053568594042455,0.003894503150307735,-0.6600069005504541,quarter_end_plus_120_days,conservative_pseudo_pit
213800RZWHE5EUX9R444,,EE,2023-06-30,0.2036029943,0.0895811555,0.45408183138125124,0.007334149349517146,-0.7134776334853317,quarter_end_plus_120_days,conservative_pseudo_pit
213800RZWHE5EUX9R444,,EE,2023-09-30,0.20482782743103,0.09077675908419,0.4567462075066893,0.011682315598373618,-0.8329639031549252,quarter_end_plus_120_days,conservative_pseudo_pit
213800RZWHE5EUX9R444,,EE,2023-12-31,0.20430219648574,0.09058814393242,0.45553715572604947,0.012555596913209838,-0.06300314986755944,quarter_end_plus_120_days,conservative_pseudo_pit
213800RZWHE5EUX9R444,,EE,2024-03-31,0.20727157716879,0.08999826629321,0.446494738347743,0.004275599947501301,-0.6038785105069067,quarter_end_plus_120_days,conservative_pseudo_pit
213800RZWHE5EUX9R444,,EE,2024-06-30,0.20037893271588,0.08978573978749,0.46235880557371856,0.007313178864172209,-0.2884159638493013,quarter_end_plus_120_days,conservative_pseudo_pit
213800TC9PZRBHMJW403,,MT,2020-09-30,0.1423414945,0.061663715,0.4509166820023018,-0.013278654480095237,4.286688429368536,quarter_end_plus_120_days,conservative_pseudo_pit
213800TC9PZRBHMJW403,,MT,2020-12-31,0.1483787276,0.0569542399,0.4064140210635252,-0.02017366477170385,3.3618275851395207,quarter_end_plus_120_days,conservative_pseudo_pit
213800TC9PZRBHMJW403,,MT,2021-03-31,0.1486415168,0.0531773448,0.3795360467208079,0.0006743557745728295,-2.2384514952870673,quarter_end_plus_120_days,conservative_pseudo_pit
213800TC9PZRBHMJW403,,MT,2021-06-30,0.160654487,0.0557698587,0.35502695145338065,0.000731733668725627,0.33665658066677107,quarter_end_plus_120_days,conservative_pseudo_pit
213800TC9PZRBHMJW403,,MT,2021-09-30,0.1625983903,0.0539301852,0.3396516172589901,-3.96553346528097e-05,0.7867870102127315,quarter_end_plus_120_days,conservative_pseudo_pit
213800TC9PZRBHMJW403,,MT,2021-12-31,0.1567801409,0.0487637013,0.31969650638611574,-0.0035854104378587616,1.751232118704194,quarter_end_plus_120_days,conservative_pseudo_pit
213800TC9PZRBHMJW403,,MT,2022-03-31,0.1535679318,0.0465578214,0.30577495486217654,0.0008757932998558003,-0.448278868426059,quarter_end_plus_120_days,conservative_pseudo_pit
213800TC9PZRBHMJW403,,MT,2022-06-30,0.135605563,0.043896495,0.313929682915725,0.00011723963411787424,1.208544218754797,quarter_end_plus_120_days,conservative_pseudo_pit
213800TC9PZRBHMJW403,,MT,2022-09-30,0.1552696039,0.0463686619,0.29019041198181844,0.0003536337055014842,0.031207766036375872,quarter_end_plus_120_days,conservative_pseudo_pit
213800TC9PZRBHMJW403,,MT,2022-12-31,0.1517797958,0.0470666727,0.29600290321211203,0.0018674654068618738,0.48457391522581184,quarter_end_plus_120_days,conservative_pseudo_pit
213800TC9PZRBHMJW403,,MT,2023-03-31,0.1514473142,0.0439085787,0.2805483581404063,0.00042151846080378257,0.14796007329007202,quarter_end_plus_120_days,conservative_pseudo_pit
213800TC9PZRBHMJW403,,MT,2023-06-30,0.1616517725,0.0456665271,0.27218626618812697,0.0020630330584772384,0.17510635963847151,quarter_end_plus_120_days,conservative_pseudo_pit
213800TC9PZRBHMJW403,,MT,2023-09-30,0.15995001963562,0.04399326789449,0.2646165899467326,0.002553163045872409,0.6310339363340716,quarter_end_plus_120_days,conservative_pseudo_pit
213800TC9PZRBHMJW403,,MT,2023-12-31,0.16742419297682,0.0439197966583,0.2521251596735264,0.002388361757323687,0.600275342131625,quarter_end_plus_120_days,conservative_pseudo_pit
213800TC9PZRBHMJW403,,MT,2024-03-31,0.17004545310077,0.04520565313927,0.2558999957214046,-0.00050320357310328,0.16999283840793802,quarter_end_plus_120_days,conservative_pseudo_pit
213800TC9PZRBHMJW403,,MT,2024-06-30,0.16609692375798,0.0445887233315,0.25819089992806316,-0.00024947413392463605,0.7751353650462429,quarter_end_plus_120_days,conservative_pseudo_pit
213800X3Q9LSAKRUWY91,KBC Group NV,BE,2020-09-30,0.1657516258,0.0595154179,0.34652412285988476,0.0025092189584232797,-0.1686041424582757,quarter_end_plus_120_days,conservative_pseudo_pit
213800X3Q9LSAKRUWY91,KBC Group NV,BE,2020-12-31,0.1810756487,0.0656587482,0.35392166039939676,0.003929931360911539,-0.5066089895260053,quarter_end_plus_120_days,conservative_pseudo_pit
213800X3Q9LSAKRUWY91,KBC Group NV,BE,2021-03-31,0.1813026458,0.0595821821,0.32183700193148296,0.0012873965096853045,-0.09460846592869232,quarter_end_plus_120_days,conservative_pseudo_pit
213800X3Q9LSAKRUWY91,KBC Group NV,BE,2021-06-30,0.1799886819,0.0560155638,0.310529837269427,0.0031344917192785006,-0.2543461373794659,quarter_end_plus_120_days,conservative_pseudo_pit
213800X3Q9LSAKRUWY91,KBC Group NV,BE,2021-09-30,0.168697894,0.0634262279,0.32191232691738675,0.005577407475167738,-0.18472771185586842,quarter_end_plus_120_days,conservative_pseudo_pit
213800X3Q9LSAKRUWY91,KBC Group NV,BE,2021-12-31,0.1676525234,0.0649756389,0.3406946117432197,0.007643312989524859,-0.3528034875497324,quarter_end_plus_120_days,conservative_pseudo_pit
213800X3Q9LSAKRUWY91,KBC Group NV,BE,2022-03-31,0.152035373,0.057804348,0.31845198758047893,0.0010113736291416857,0.4342423956373734,quarter_end_plus_120_days,conservative_pseudo_pit
213800X3Q9LSAKRUWY91,KBC Group NV,BE,2022-06-30,0.1510205536,0.0490543653,0.3133001293424573,0.004453877749510685,-0.7004993910115889,quarter_end_plus_120_days,conservative_pseudo_pit
213800X3Q9LSAKRUWY91,KBC Group NV,BE,2022-09-30,0.139458498,0.0482665449,0.3308790486275221,0.0064541602279745616,-0.016652243968602654,quarter_end_plus_120_days,conservative_pseudo_pit
213800X3Q9LSAKRUWY91,KBC Group NV,BE,2022-12-31,0.1539226952,0.0531608411,0.33772829205257426,0.009391461930436716,-0.5406393310022091,quarter_end_plus_120_days,conservative_pseudo_pit
213800X3Q9LSAKRUWY91,KBC Group NV,BE,2023-03-31,0.1583678365,0.0541222856,0.3385558856267602,0.0023809752743124617,0.20231341372255982,quarter_end_plus_120_days,conservative_pseudo_pit
213800X3Q9LSAKRUWY91,KBC Group NV,BE,2023-06-30,0.1566228702,0.0517245239,0.3219672440396963,0.005534024138079613,-0.08041141970082,quarter_end_plus_120_days,conservative_pseudo_pit
213800X3Q9LSAKRUWY91,KBC Group NV,BE,2023-09-30,0.13533357295066,0.05047963505664,0.35035262635573466,0.007948993433786732,0.5840951580048465,quarter_end_plus_120_days,conservative_pseudo_pit
213800X3Q9LSAKRUWY91,KBC Group NV,BE,2023-12-31,0.13836134236728,0.05207917745031,0.3577551826914442,0.010705558810563518,-0.0339385915341163,quarter_end_plus_120_days,conservative_pseudo_pit
213800X3Q9LSAKRUWY91,KBC Group NV,BE,2024-03-31,0.15087846658729,0.05472443412075,0.3484620676855646,0.0011371378450621954,0.14853490920577925,quarter_end_plus_120_days,conservative_pseudo_pit
213800X3Q9LSAKRUWY91,KBC Group NV,BE,2024-06-30,0.14696489046625,0.05347608213747,0.35059837402302646,0.004219078849427514,0.13796656408472324,quarter_end_plus_120_days,conservative_pseudo_pit
222100K6QL2V4MLHWQ08,,PT,2020-09-30,0.1072141038,0.0632711961,0.5898561186245745,-0.01870802683608983,6.042742555402498,quarter_end_plus_120_days,conservative_pseudo_pit
222100K6QL2V4MLHWQ08,,PT,2020-12-31,0.0987284799,0.0587683439,0.5951034138497243,-0.028997477835904856,5.303903080329153,quarter_end_plus_120_days,conservative_pseudo_pit
222100K6QL2V4MLHWQ08,,PT,2021-03-31,0.099233681,0.0583878521,0.5872720702985407,0.0014877227503024633,-3.2063031332504646,quarter_end_plus_120_days,conservative_pseudo_pit
222100K6QL2V4MLHWQ08,,PT,2021-06-30,0.0994408719,0.0583254447,0.5869574930131638,0.0029569563878347437,0.3444962259110202,quarter_end_plus_120_days,conservative_pseudo_pit
222100K6QL2V4MLHWQ08,,PT,2021-09-30,0.0945310302,0.0558621649,0.5899498349006292,0.003228133498006252,0.9290065879052289,quarter_end_plus_120_days,conservative_pseudo_pit
222100K6QL2V4MLHWQ08,,PT,2021-12-31,0.0947259814,0.0529620188,0.5554226631365087,0.00342203990492539,0.8705616266973807,quarter_end_plus_120_days,conservative_pseudo_pit
222100K6QL2V4MLHWQ08,,PT,2022-03-31,0.0920390643,0.048964041,0.5274157630908144,0.0032791324931752117,-0.3935603082635053,quarter_end_plus_120_days,conservative_pseudo_pit
222100K6QL2V4MLHWQ08,,PT,2022-06-30,0.094829891,0.04763175,0.500397346500388,0.005973202364895901,-0.3737373652208796,quarter_end_plus_120_days,conservative_pseudo_pit
222100K6QL2V4MLHWQ08,,PT,2022-09-30,0.0957922442,0.0461507015,0.4803885430307625,0.00899598725794342,-0.49684643553760943,quarter_end_plus_120_days,conservative_pseudo_pit
222100K6QL2V4MLHWQ08,,PT,2022-12-31,0.0941921731,0.0433543103,0.458767428955276,0.012039935263855323,-0.0701884892033714,quarter_end_plus_120_days,conservative_pseudo_pit
222100K6QL2V4MLHWQ08,,PT,2023-03-31,0.1141825627,0.0530912885,0.47951414322426456,0.003500808236462614,0.1719041829385048,quarter_end_plus_120_days,conservative_pseudo_pit
222100K6QL2V4MLHWQ08,,PT,2023-06-30,0.111845762,0.0543968019,0.48603690096976,0.008620904017110733,-0.3347311832515524,quarter_end_plus_120_days,conservative_pseudo_pit
222100K6QL2V4MLHWQ08,,PT,2023-09-30,0.11283419150298,0.05552807584498,0.4911730634935072,0.014799443990608407,-0.7062195609117559,quarter_end_plus_120_days,conservative_pseudo_pit
222100K6QL2V4MLHWQ08,,PT,2023-12-31,0.1237149099713,0.0555945561521,0.4611399544289652,0.017134578406655426,-0.24022269310418692,quarter_end_plus_120_days,conservative_pseudo_pit
222100K6QL2V4MLHWQ08,,PT,2024-03-31,0.15081382861904,0.06673613569543,0.4550572605689047,0.004029865595160782,-0.46779317855431946,quarter_end_plus_120_days,conservative_pseudo_pit
222100K6QL2V4MLHWQ08,,PT,2024-06-30,0.15047760192595,0.06666310720082,0.4551908174341978,0.008029601661763577,-0.34524762374806484,quarter_end_plus_120_days,conservative_pseudo_pit
222100ZXZ9BRGDMKXL75,,SI,2020-09-30,0.1846115907,0.0951667698,0.5472681287322683,0.023808077409546595,-6.007405538227199,quarter_end_plus_120_days,conservative_pseudo_pit
222100ZXZ9BRGDMKXL75,,SI,2020-12-31,0.1869842231,0.0932474692,0.5289735666835998,0.02158452545901339,-1.073612310491861,quarter_end_plus_120_days,conservative_pseudo_pit
222100ZXZ9BRGDMKXL75,,SI,2021-03-31,0.1911397398,0.0919525551,0.5039703658234294,0.000636028968418796,1.8856271858642102,quarter_end_plus_120_days,conservative_pseudo_pit
222100ZXZ9BRGDMKXL75,,SI,2021-06-30,0.1838446075,0.0883553261,0.509853407792737,0.004208686397465708,-0.717410863037226,quarter_end_plus_120_days,conservative_pseudo_pit
222100ZXZ9BRGDMKXL75,,SI,2021-09-30,0.1811626784,0.0884596079,0.5156125719491151,0.006580060142434859,-0.5021265772564952,quarter_end_plus_120_days,conservative_pseudo_pit
222100ZXZ9BRGDMKXL75,,SI,2021-12-31,0.165915647,0.0811207222,0.5165474655051228,0.010154377446393598,-0.4831579778800356,quarter_end_plus_120_days,conservative_pseudo_pit
222100ZXZ9BRGDMKXL75,,SI,2022-03-31,0.1537376987,0.0788515585,0.5420415275899525,0.0012759386196028982,0.508813110807505,quarter_end_plus_120_days,conservative_pseudo_pit
222100ZXZ9BRGDMKXL75,,SI,2022-06-30,0.1471924173,0.0775927395,0.5528194484656008,0.0021930769909902534,0.3616562493513039,quarter_end_plus_120_days,conservative_pseudo_pit
253400EBCBBVB9TUHN50,,CY,2020-09-30,0.2128146015,0.0874028581,,,-1.1097829862382989,quarter_end_plus_120_days,conservative_pseudo_pit
253400EBCBBVB9TUHN50,,CY,2020-12-31,0.2109018517,0.088920542,,,-0.3878597583828427,quarter_end_plus_120_days,conservative_pseudo_pit
253400EBCBBVB9TUHN50,,CY,2021-03-31,0.220127907,0.1002514234,,,-2.0576448824484728,quarter_end_plus_120_days,conservative_pseudo_pit
253400EBCBBVB9TUHN50,,CY,2021-06-30,0.212008504,0.0981278433,,,-0.4809504377482781,quarter_end_plus_120_days,conservative_pseudo_pit
254900RNFMDM0P11YR84,,DE,2022-09-30,0.184338841,0.0538568608,0.2453417388897157,0.0018943176659248454,0.10886795023363757,quarter_end_plus_120_days,conservative_pseudo_pit
254900RNFMDM0P11YR84,,DE,2022-12-31,0.1931073642,0.0599633877,0.270821185015567,0.003282881858734978,-0.031433753988302726,quarter_end_plus_120_days,conservative_pseudo_pit
254900RNFMDM0P11YR84,,DE,2023-03-31,0.1865820829,0.0596146516,0.27194440426890665,0.0011225168412947416,-0.03433541849073503,quarter_end_plus_120_days,conservative_pseudo_pit
254900RNFMDM0P11YR84,,DE,2023-06-30,0.1695753681,0.0548536304,0.2735227643234839,0.0011030128137666806,0.9908406690213885,quarter_end_plus_120_days,conservative_pseudo_pit
254900RNFMDM0P11YR84,,DE,2023-09-30,0.15890538935763,0.0524264467465,0.27682361652067866,0.002096446385963789,0.7324013028228764,quarter_end_plus_120_days,conservative_pseudo_pit
254900RNFMDM0P11YR84,,DE,2023-12-31,0.18784606014173,0.06401171169284,0.2970662355552876,0.0025294706503320354,0.0035428513151956054,quarter_end_plus_120_days,conservative_pseudo_pit
254900RNFMDM0P11YR84,,DE,2024-03-31,0.18261845753389,0.06169031363196,0.29408855364004977,0.0015361944093572977,-0.23854611152953517,quarter_end_plus_120_days,conservative_pseudo_pit
254900RNFMDM0P11YR84,,DE,2024-06-30,0.19049695034803,0.06654533787923,0.3056259479748427,0.0020320873746658137,0.12571812680458222,quarter_end_plus_120_days,conservative_pseudo_pit
2G5BKIC2CB69PRJH1W31,Barclays Bank Ireland PLC,IE,2020-09-30,0.1345831482,0.066382479,,,0.3330557536635212,quarter_end_plus_120_days,conservative_pseudo_pit
2G5BKIC2CB69PRJH1W31,Barclays Bank Ireland PLC,IE,2020-12-31,0.166774259,0.0649839734,,,-1.4319693592249798,quarter_end_plus_120_days,conservative_pseudo_pit
2G5BKIC2CB69PRJH1W31,Barclays Bank Ireland PLC,IE,2021-03-31,0.1570172343,0.0583142498,,,0.7721288791963296,quarter_end_plus_120_days,conservative_pseudo_pit
2G5BKIC2CB69PRJH1W31,Barclays Bank Ireland PLC,IE,2021-06-30,0.1552570222,0.0539375839,,,0.3933696710474307,quarter_end_plus_120_days,conservative_pseudo_pit
2G5BKIC2CB69PRJH1W31,Barclays Bank Ireland PLC,IE,2021-09-30,0.1599651058,0.0582223747,,,-0.3241275363855568,quarter_end_plus_120_days,conservative_pseudo_pit
2G5BKIC2CB69PRJH1W31,Barclays Bank Ireland PLC,IE,2021-12-31,0.1613223172,0.0665192463,,,0.0015991942757918227,quarter_end_plus_120_days,conservative_pseudo_pit
2G5BKIC2CB69PRJH1W31,Barclays Bank Ireland PLC,IE,2022-03-31,0.1671787169,0.0547113623,,,-0.505478917789642,quarter_end_plus_120_days,conservative_pseudo_pit
2G5BKIC2CB69PRJH1W31,Barclays Bank Ireland PLC,IE,2022-06-30,0.1654586431,0.0507999797,,,0.1269100251590314,quarter_end_plus_120_days,conservative_pseudo_pit
2G5BKIC2CB69PRJH1W31,Barclays Bank Ireland PLC,IE,2022-09-30,0.1380443941,0.0467861951,,,2.1963275403895053,quarter_end_plus_120_days,conservative_pseudo_pit
2G5BKIC2CB69PRJH1W31,Barclays Bank Ireland PLC,IE,2022-12-31,0.1671572455,0.0584891671,,,-0.9398685405356761,quarter_end_plus_120_days,conservative_pseudo_pit
2G5BKIC2CB69PRJH1W31,Barclays Bank Ireland PLC,IE,2023-03-31,0.1630135865,0.0504930802,,,0.33705602136383817,quarter_end_plus_120_days,conservative_pseudo_pit
2G5BKIC2CB69PRJH1W31,Barclays Bank Ireland PLC,IE,2023-06-30,0.1672040883,0.0505122035,,,0.11712167500031531,quarter_end_plus_120_days,conservative_pseudo_pit
2G5BKIC2CB69PRJH1W31,Barclays Bank Ireland PLC,IE,2023-09-30,0.16141472420034,0.04901961369062,,,0.562024534998005,quarter_end_plus_120_days,conservative_pseudo_pit
2G5BKIC2CB69PRJH1W31,Barclays Bank Ireland PLC,IE,2023-12-31,0.16036204781335,0.05046322105243,,,0.5722076227718575,quarter_end_plus_120_days,conservative_pseudo_pit
2G5BKIC2CB69PRJH1W31,Barclays Bank Ireland PLC,IE,2024-03-31,0.15037641044047,0.04795895735284,,,1.018022624735597,quarter_end_plus_120_days,conservative_pseudo_pit
2G5BKIC2CB69PRJH1W31,Barclays Bank Ireland PLC,IE,2024-06-30,0.15830918765625,0.04759070641473,,,0.04067963136225711,quarter_end_plus_120_days,conservative_pseudo_pit
2W8N8UU78PMDQKZENC08,Intesa Sanpaolo S.p.A.,IT,2020-09-30,0.1470414285,0.0656273669,0.4152477995765059,0.0063932726818608085,-1.0988752580187526,quarter_end_plus_120_days,conservative_pseudo_pit
2W8N8UU78PMDQKZENC08,Intesa Sanpaolo S.p.A.,IT,2020-12-31,0.1471464471,0.0718796356,0.4200516452737084,0.0026491527026385993,0.9574371820180212,quarter_end_plus_120_days,conservative_pseudo_pit
2W8N8UU78PMDQKZENC08,Intesa Sanpaolo S.p.A.,IT,2021-03-31,0.1490192598,0.0715972966,0.4084349241557037,0.0018666265852180439,-0.40785358971743746,quarter_end_plus_120_days,conservative_pseudo_pit
2W8N8UU78PMDQKZENC08,Intesa Sanpaolo S.p.A.,IT,2021-06-30,0.1485730242,0.0686073429,0.38707437554107926,0.0035768095576304668,-0.2063326962868451,quarter_end_plus_120_days,conservative_pseudo_pit
2W8N8UU78PMDQKZENC08,Intesa Sanpaolo S.p.A.,IT,2021-09-30,0.1431910773,0.0672327843,0.37929650076452515,0.00466393824670355,0.1680789346873724,quarter_end_plus_120_days,conservative_pseudo_pit
2W8N8UU78PMDQKZENC08,Intesa Sanpaolo S.p.A.,IT,2021-12-31,0.1445307202,0.0664274371,0.37911070290462845,0.0048940173943520975,0.2820941179930708,quarter_end_plus_120_days,conservative_pseudo_pit
2W8N8UU78PMDQKZENC08,Intesa Sanpaolo S.p.A.,IT,2022-03-31,0.1380542901,0.0640752667,0.37750294376984156,0.0011744619877036456,0.08625411591903663,quarter_end_plus_120_days,conservative_pseudo_pit
2W8N8UU78PMDQKZENC08,Intesa Sanpaolo S.p.A.,IT,2022-06-30,0.1270084704,0.0529217217,0.382309097506836,0.002778106971172111,0.25258970860867813,quarter_end_plus_120_days,conservative_pseudo_pit
2W8N8UU78PMDQKZENC08,Intesa Sanpaolo S.p.A.,IT,2022-09-30,0.1263851708,0.052646424,0.38200900415437533,0.003890665249216195,0.2046223248815398,quarter_end_plus_120_days,conservative_pseudo_pit
2W8N8UU78PMDQKZENC08,Intesa Sanpaolo S.p.A.,IT,2022-12-31,0.1380041507,0.0560975331,0.36817160031682905,0.005457569648412104,0.08565992458201616,quarter_end_plus_120_days,conservative_pseudo_pit
2W8N8UU78PMDQKZENC08,Intesa Sanpaolo S.p.A.,IT,2023-03-31,0.1370304591,0.0570844992,0.3785673375741875,0.0025206737745592954,-0.019168302715368984,quarter_end_plus_120_days,conservative_pseudo_pit
2W8N8UU78PMDQKZENC08,Intesa Sanpaolo S.p.A.,IT,2023-06-30,0.1373121201,0.0570320691,0.37826217830305037,0.005419932552421942,0.020239256779246484,quarter_end_plus_120_days,conservative_pseudo_pit
2W8N8UU78PMDQKZENC08,Intesa Sanpaolo S.p.A.,IT,2023-09-30,0.13576401357617,0.05747450093524,0.38244321900292816,0.007879448314107819,0.13446254891589493,quarter_end_plus_120_days,conservative_pseudo_pit
2W8N8UU78PMDQKZENC08,Intesa Sanpaolo S.p.A.,IT,2023-12-31,0.13728913283239,0.05781399947233,0.3816906320258765,0.009790290102984458,0.1753970407018087,quarter_end_plus_120_days,conservative_pseudo_pit
2W8N8UU78PMDQKZENC08,Intesa Sanpaolo S.p.A.,IT,2024-03-31,0.13338906899197,0.05846807671081,0.39931692816664477,0.003043363479801138,0.11941004763716029,quarter_end_plus_120_days,conservative_pseudo_pit
2W8N8UU78PMDQKZENC08,Intesa Sanpaolo S.p.A.,IT,2024-06-30,0.13549599785133,0.0594833767699,0.3905219886676178,0.006252105617815489,-0.1301365072723108,quarter_end_plus_120_days,conservative_pseudo_pit
391200EEGLNXBBCVKC73,,DE,2020-09-30,0.1350728767,0.0453919068,0.3347268519136554,0.0015631205578791497,0.30041458007298344,quarter_end_plus_120_days,conservative_pseudo_pit
391200EEGLNXBBCVKC73,,DE,2020-12-31,0.138850734,0.0506524088,0.3352045283024427,0.0007234762035830447,0.5928202215802154,quarter_end_plus_120_days,conservative_pseudo_pit
391200EEGLNXBBCVKC73,,DE,2021-03-31,0.1370529345,0.048360909,0.3181159617385892,0.0006420571563037562,0.10274032421580574,quarter_end_plus_120_days,conservative_pseudo_pit
391200EEGLNXBBCVKC73,,DE,2021-06-30,0.1429518006,0.0523425004,0.31584351035446717,0.000620480257003322,0.5406703920949981,quarter_end_plus_120_days,conservative_pseudo_pit
391200EEGLNXBBCVKC73,,DE,2021-09-30,0.1412526901,0.0511856687,0.3100952196370513,0.0007524911415148221,0.6713602801636995,quarter_end_plus_120_days,conservative_pseudo_pit
391200EEGLNXBBCVKC73,,DE,2021-12-31,0.1565746256,0.0470074533,0.3052287174231647,-0.0002161350421043745,0.6101725423003144,quarter_end_plus_120_days,conservative_pseudo_pit
391200EEGLNXBBCVKC73,,DE,2022-03-31,0.1536629044,0.0449309111,0.29855884806968885,0.00017749818475198202,0.03129325469797829,quarter_end_plus_120_days,conservative_pseudo_pit
391200EEGLNXBBCVKC73,,DE,2022-06-30,0.1507251795,0.0441081708,0.29754987357911794,0.0005690781353888125,0.5491314611185538,quarter_end_plus_120_days,conservative_pseudo_pit
391200EEGLNXBBCVKC73,,DE,2022-09-30,0.1408559402,0.0411313609,0.2873224491907273,0.004795822479938274,-0.4721198322697685,quarter_end_plus_120_days,conservative_pseudo_pit
391200EEGLNXBBCVKC73,,DE,2022-12-31,0.1552756151,0.0522398555,0.33134417374592084,0.0055212943661358685,0.11212540108714086,quarter_end_plus_120_days,conservative_pseudo_pit
391200EEGLNXBBCVKC73,,DE,2023-03-31,0.1440872115,0.0438047513,0.30130282452139245,0.001401557050769504,0.45894932262343824,quarter_end_plus_120_days,conservative_pseudo_pit
391200EEGLNXBBCVKC73,,DE,2023-06-30,0.155162338,0.0483697848,0.30591831358094873,0.0022067576074371875,0.31527668435697404,quarter_end_plus_120_days,conservative_pseudo_pit
391200EEGLNXBBCVKC73,,DE,2023-09-30,0.18798539920517,0.05702898485595,0.30787558967293704,0.004431475985550308,-0.6548966813703602,quarter_end_plus_120_days,conservative_pseudo_pit
391200EEGLNXBBCVKC73,,DE,2023-12-31,0.20143857973043,0.06945841727078,0.3468447867997973,0.006712595967585299,-0.26615301864020624,quarter_end_plus_120_days,conservative_pseudo_pit
391200EEGLNXBBCVKC73,,DE,2024-03-31,0.20053735145928,0.06491842387393,0.30515835506273187,0.001780269889314138,-0.23145179928660292,quarter_end_plus_120_days,conservative_pseudo_pit
391200EEGLNXBBCVKC73,,DE,2024-06-30,0.21040797146379,0.0655838027585,0.3059762504561587,0.0021416357150430597,0.025549656272657706,quarter_end_plus_120_days,conservative_pseudo_pit
3H0Q3U74FVFED2SHZT16,,HU,2021-09-30,0.151870428,0.0580072281,0.40008947153658403,0.0083898628758161,-0.6583245601533505,quarter_end_plus_120_days,conservative_pseudo_pit
3H0Q3U74FVFED2SHZT16,,HU,2021-12-31,0.1716609798,0.061852252,0.37567438544155346,0.006967140631106272,0.1101065789066234,quarter_end_plus_120_days,conservative_pseudo_pit
3H0Q3U74FVFED2SHZT16,,HU,2022-03-31,0.1606983729,0.0576431764,0.3709188513112056,0.004048647137356643,-0.7739177066879596,quarter_end_plus_120_days,conservative_pseudo_pit
3H0Q3U74FVFED2SHZT16,,HU,2022-06-30,0.1500821115,0.0565675844,0.38554147519481924,0.0033021532448031707,0.6029369707772636,quarter_end_plus_120_days,conservative_pseudo_pit
3H0Q3U74FVFED2SHZT16,,HU,2022-09-30,0.1444523807,0.0513617067,0.37022329825094674,0.007471866144264542,-0.8008401482349867,quarter_end_plus_120_days,conservative_pseudo_pit
3H0Q3U74FVFED2SHZT16,,HU,2022-12-31,0.1797819393,0.0660956619,0.38164485037111573,0.009078246703124905,-0.7248479841351714,quarter_end_plus_120_days,conservative_pseudo_pit
3H0Q3U74FVFED2SHZT16,,HU,2023-03-31,0.1737656179,0.0645582358,0.38513083759952743,0.002302805780158889,0.30585065401234124,quarter_end_plus_120_days,conservative_pseudo_pit
3H0Q3U74FVFED2SHZT16,,HU,2023-06-30,0.1755173349,0.0663320068,0.3923904347404841,0.008278147026932275,-0.9000823464894177,quarter_end_plus_120_days,conservative_pseudo_pit
3H0Q3U74FVFED2SHZT16,,HU,2023-09-30,0.19116767199519,0.07136907757912,0.3862511501145938,0.01720934817009828,-2.1022297677122044,quarter_end_plus_120_days,conservative_pseudo_pit
3H0Q3U74FVFED2SHZT16,,HU,2023-12-31,0.20349487400809,0.08171282184638,0.4172797799863453,0.017128741089847414,-0.30894418974760574,quarter_end_plus_120_days,conservative_pseudo_pit
3H0Q3U74FVFED2SHZT16,,HU,2024-03-31,0.17297185054316,0.0722895003996,0.43054874157558376,0.004339673130255211,0.6498973041152656,quarter_end_plus_120_days,conservative_pseudo_pit
3H0Q3U74FVFED2SHZT16,,HU,2024-06-30,0.17803770293502,0.07618118762748,0.4432564658142778,0.009425382951646395,-0.9012891112046205,quarter_end_plus_120_days,conservative_pseudo_pit
3M5E1GQGKL17HI6CPN30,Jyske Bank A/S,DK,2020-09-30,0.1750270772,0.0537401267,0.2829326030991097,0.0012006694684258091,0.11253268457297444,quarter_end_plus_120_days,conservative_pseudo_pit
3M5E1GQGKL17HI6CPN30,Jyske Bank A/S,DK,2020-12-31,0.1794246785,0.0520917572,0.2667464286766083,0.0023923979630572647,-0.12129752744190336,quarter_end_plus_120_days,conservative_pseudo_pit
3M5E1GQGKL17HI6CPN30,Jyske Bank A/S,DK,2021-03-31,0.1797457494,0.0515775497,0.2685216321488968,0.0012932548410346215,-0.2594751850860244,quarter_end_plus_120_days,conservative_pseudo_pit
3M5E1GQGKL17HI6CPN30,Jyske Bank A/S,DK,2021-06-30,0.1826483122,0.05341121,0.2808805741369693,0.0025670006991632497,-0.14730083280813655,quarter_end_plus_120_days,conservative_pseudo_pit
3M5E1GQGKL17HI6CPN30,Jyske Bank A/S,DK,2021-09-30,0.1798816646,0.0514376118,0.276068829061857,0.003566124109437803,0.07907350043635912,quarter_end_plus_120_days,conservative_pseudo_pit
3M5E1GQGKL17HI6CPN30,Jyske Bank A/S,DK,2021-12-31,0.1820152065,0.0539877169,0.2907953765440543,0.004908481062953408,-0.11828640324071496,quarter_end_plus_120_days,conservative_pseudo_pit
3M5E1GQGKL17HI6CPN30,Jyske Bank A/S,DK,2022-03-31,0.1724914826,0.0529623066,0.30319101073360527,0.0013090474306686848,-0.034719891747528306,quarter_end_plus_120_days,conservative_pseudo_pit
3M5E1GQGKL17HI6CPN30,Jyske Bank A/S,DK,2022-06-30,0.1787637187,0.0529253997,0.2912740075199845,0.0025342376812965404,-0.2266829809372945,quarter_end_plus_120_days,conservative_pseudo_pit
3M5E1GQGKL17HI6CPN30,Jyske Bank A/S,DK,2022-09-30,0.1857590457,0.0539970749,0.2827932248200677,0.003264620083587831,-0.17620403176238214,quarter_end_plus_120_days,conservative_pseudo_pit
3M5E1GQGKL17HI6CPN30,Jyske Bank A/S,DK,2022-12-31,0.1518922652,0.0460493162,0.2945639388719454,0.005002896921542863,0.7176418276758018,quarter_end_plus_120_days,conservative_pseudo_pit
3M5E1GQGKL17HI6CPN30,Jyske Bank A/S,DK,2023-03-31,0.1542926237,0.0453188035,0.28637439326470165,0.0016400860604912065,0.0453505243935551,quarter_end_plus_120_days,conservative_pseudo_pit
3M5E1GQGKL17HI6CPN30,Jyske Bank A/S,DK,2023-06-30,0.1614594251,0.0475447188,0.2902637484879621,0.003245878817161683,0.14911670335919902,quarter_end_plus_120_days,conservative_pseudo_pit
3M5E1GQGKL17HI6CPN30,Jyske Bank A/S,DK,2023-09-30,0.16682558544709,0.0496840452152,0.2914572322407197,0.005405886884521128,0.011686527511120731,quarter_end_plus_120_days,conservative_pseudo_pit
3M5E1GQGKL17HI6CPN30,Jyske Bank A/S,DK,2023-12-31,0.16867005962929,0.05008670338943,0.2892495691724353,0.007572459687764156,0.06275756963662465,quarter_end_plus_120_days,conservative_pseudo_pit
3M5E1GQGKL17HI6CPN30,Jyske Bank A/S,DK,2024-03-31,0.16649115380206,0.05280975331928,0.29990858370194695,0.001670079443061131,0.07543497901034737,quarter_end_plus_120_days,conservative_pseudo_pit
3M5E1GQGKL17HI6CPN30,Jyske Bank A/S,DK,2024-06-30,0.16593152242108,0.05252562903442,0.30028618159067566,0.003406822912290486,0.20128319437827066,quarter_end_plus_120_days,conservative_pseudo_pit
485100FX5Y9YLAQLNP12,,LT,2022-09-30,0.2336740456,0.0435801147,0.15831033820653942,0.002081509654180124,-0.1833057507073137,quarter_end_plus_120_days,conservative_pseudo_pit
485100FX5Y9YLAQLNP12,,LT,2022-12-31,0.2244593871,0.0420955171,0.18802982303968818,0.002653932224317838,0.33666108080402257,quarter_end_plus_120_days,conservative_pseudo_pit
485100FX5Y9YLAQLNP12,,LT,2023-03-31,0.2348301172,0.0472464669,0.2017558619956275,0.0007047635132669646,-0.4316384767618611,quarter_end_plus_120_days,conservative_pseudo_pit
485100FX5Y9YLAQLNP12,,LT,2023-06-30,0.2029991254,0.0438296967,0.21701539679313045,0.002613550964340054,0.7551663309510309,quarter_end_plus_120_days,conservative_pseudo_pit
485100FX5Y9YLAQLNP12,,LT,2023-09-30,0.19225085085289,0.04262122997868,0.22266003404063503,0.003950319388106022,0.462302948245763,quarter_end_plus_120_days,conservative_pseudo_pit
485100FX5Y9YLAQLNP12,,LT,2023-12-31,0.22412342387977,0.04083741818375,0.17517698531942041,0.0065013936160939825,-0.7144757106531769,quarter_end_plus_120_days,conservative_pseudo_pit
485100FX5Y9YLAQLNP12,,LT,2024-03-31,0.24987983136655,0.04581149228213,0.17623376041522734,0.002376126986804273,-1.2283608006101743,quarter_end_plus_120_days,conservative_pseudo_pit
485100FX5Y9YLAQLNP12,,LT,2024-06-30,0.22941903255297,0.0405504431602,0.1708682477483232,0.0030301788566150113,0.5742083171159666,quarter_end_plus_120_days,conservative_pseudo_pit
5299007QVIQ7IO64NX37,,DE,2020-09-30,0.281280273,0.0927445127,0.25526028605865875,0.0014486966108638996,-0.704817484217046,quarter_end_plus_120_days,conservative_pseudo_pit
5299007QVIQ7IO64NX37,,DE,2020-12-31,0.2810642994,0.0965026618,0.27112932990771743,0.0033677491351395685,-0.8134351414564466,quarter_end_plus_120_days,conservative_pseudo_pit
5299007QVIQ7IO64NX37,,DE,2021-03-31,0.2653551803,0.0919492007,0.2847364746565338,0.0002279916964204178,0.2562649375072614,quarter_end_plus_120_days,conservative_pseudo_pit
5299007QVIQ7IO64NX37,,DE,2021-06-30,0.2993224932,0.0895389335,0.276610923547193,0.0012805144290663289,-1.1832467337818535,quarter_end_plus_120_days,conservative_pseudo_pit
5299007QVIQ7IO64NX37,,DE,2021-09-30,0.2917425173,0.0893971086,0.283998040596565,0.003991284965797546,-0.842667011026216,quarter_end_plus_120_days,conservative_pseudo_pit
5299007QVIQ7IO64NX37,,DE,2021-12-31,0.2241957851,0.0654500236,0.2656301278405702,0.0048844636986252665,0.9696644556376063,quarter_end_plus_120_days,conservative_pseudo_pit
5299007QVIQ7IO64NX37,,DE,2022-03-31,0.2253429314,0.058493246,0.23502259230832806,0.0003366343456241364,-0.20870252526586475,quarter_end_plus_120_days,conservative_pseudo_pit
5299007QVIQ7IO64NX37,,DE,2022-06-30,0.2126372525,0.0639027981,0.2305685925462094,0.0009171267396416245,0.20288618850180454,quarter_end_plus_120_days,conservative_pseudo_pit
5299007QVIQ7IO64NX37,,DE,2022-09-30,0.2042953361,0.0586837035,0.20629043492190233,0.003335001271589317,-0.3729474084142521,quarter_end_plus_120_days,conservative_pseudo_pit
5299007QVIQ7IO64NX37,,DE,2022-12-31,0.2275581711,0.0727159702,0.2235654145419099,0.0054583707853489115,-0.7865535734901394,quarter_end_plus_120_days,conservative_pseudo_pit
5299007QVIQ7IO64NX37,,DE,2023-03-31,0.2305437061,0.0633450616,0.21401695573503254,0.001166930053911692,-0.2411781330801931,quarter_end_plus_120_days,conservative_pseudo_pit
5299007QVIQ7IO64NX37,,DE,2023-06-30,0.2192864706,0.061559596,0.22511373349306404,0.0023317961789112818,0.32840044270390667,quarter_end_plus_120_days,conservative_pseudo_pit
5299007QVIQ7IO64NX37,,DE,2023-09-30,0.21648185168755,0.06871609384871,0.24546149509551626,0.0038506418782530464,0.03387741758725893,quarter_end_plus_120_days,conservative_pseudo_pit
5299007QVIQ7IO64NX37,,DE,2023-12-31,0.2120387558239,0.07155188196217,0.26355429907402583,0.004531159721875189,0.26785244279479326,quarter_end_plus_120_days,conservative_pseudo_pit
5299007QVIQ7IO64NX37,,DE,2024-03-31,0.20715217493536,0.06597462566866,0.2641343429585719,0.00045540337399517685,-0.024441218667743903,quarter_end_plus_120_days,conservative_pseudo_pit
5299007QVIQ7IO64NX37,,DE,2024-06-30,0.22051946894532,0.06596002334577,0.25381213941105685,0.0008835487057704625,-0.0657752121985109,quarter_end_plus_120_days,conservative_pseudo_pit
5299007S3UH5RKUYDA52,Deutsche Apotheker- und Ärztebank eG,DE,2020-09-30,0.1381897639,0.0449265592,,,0.7022229197743939,quarter_end_plus_120_days,conservative_pseudo_pit
5299007S3UH5RKUYDA52,Deutsche Apotheker- und Ärztebank eG,DE,2020-12-31,0.1628914815,0.0474089806,,,-0.741139618899183,quarter_end_plus_120_days,conservative_pseudo_pit
5299007S3UH5RKUYDA52,Deutsche Apotheker- und Ärztebank eG,DE,2021-03-31,0.1576828434,0.0461082592,,,0.5916080532806289,quarter_end_plus_120_days,conservative_pseudo_pit
5299007S3UH5RKUYDA52,Deutsche Apotheker- und Ärztebank eG,DE,2021-06-30,0.1627881332,0.0506995798,,,-0.0050800664940994595,quarter_end_plus_120_days,conservative_pseudo_pit
5299007S3UH5RKUYDA52,Deutsche Apotheker- und Ärztebank eG,DE,2021-09-30,0.163416809,0.0510217889,,,0.06974753213353195,quarter_end_plus_120_days,conservative_pseudo_pit
5299007S3UH5RKUYDA52,Deutsche Apotheker- und Ärztebank eG,DE,2021-12-31,0.1585742269,0.0497271371,,,0.6352826829053124,quarter_end_plus_120_days,conservative_pseudo_pit
5299007S3UH5RKUYDA52,Deutsche Apotheker- und Ärztebank eG,DE,2022-03-31,0.1620959291,0.0504053305,,,-0.24850068516575174,quarter_end_plus_120_days,conservative_pseudo_pit
5299007S3UH5RKUYDA52,Deutsche Apotheker- und Ärztebank eG,DE,2022-06-30,0.1623275553,0.038533379,,,0.27545155419199197,quarter_end_plus_120_days,conservative_pseudo_pit
5299007S3UH5RKUYDA52,Deutsche Apotheker- und Ärztebank eG,DE,2022-09-30,0.1661642581,0.0382979854,,,-0.1375676151284684,quarter_end_plus_120_days,conservative_pseudo_pit
5299007S3UH5RKUYDA52,Deutsche Apotheker- und Ärztebank eG,DE,2022-12-31,0.1579902574,0.0425672273,,,0.9424532336536426,quarter_end_plus_120_days,conservative_pseudo_pit
5299007S3UH5RKUYDA52,Deutsche Apotheker- und Ärztebank eG,DE,2023-03-31,0.156711898,0.0450720469,,,0.35348287779652277,quarter_end_plus_120_days,conservative_pseudo_pit
5299007S3UH5RKUYDA52,Deutsche Apotheker- und Ärztebank eG,DE,2023-06-30,0.1706267384,0.0501466499,,,-0.4365006172736732,quarter_end_plus_120_days,conservative_pseudo_pit
5299007S3UH5RKUYDA52,Deutsche Apotheker- und Ärztebank eG,DE,2023-09-30,0.16403996158359,0.04996095044996,,,0.5671657246137808,quarter_end_plus_120_days,conservative_pseudo_pit
5299007S3UH5RKUYDA52,Deutsche Apotheker- und Ärztebank eG,DE,2023-12-31,0.16699672313919,0.05197072363776,,,0.3124455419975432,quarter_end_plus_120_days,conservative_pseudo_pit
5299007S3UH5RKUYDA52,Deutsche Apotheker- und Ärztebank eG,DE,2024-03-31,0.1653425227338,0.05210584865634,,,0.27831463927287936,quarter_end_plus_120_days,conservative_pseudo_pit
5299007S3UH5RKUYDA52,Deutsche Apotheker- und Ärztebank eG,DE,2024-06-30,0.16965497915697,0.05532958100578,,,0.051841977831766924,quarter_end_plus_120_days,conservative_pseudo_pit
5299009N55YRQC69CN08,ALPHA SERVICES & HOLDINGS S.A.,GR,2020-09-30,0.1686458849,0.1239006966,0.6764463419257938,0.001978518390851913,-0.10252824852073181,quarter_end_plus_120_days,conservative_pseudo_pit
5299009N55YRQC69CN08,ALPHA SERVICES & HOLDINGS S.A.,GR,2020-12-31,0.1725271101,0.1267758629,0.6529982122115024,0.0012778484214651838,0.26885357857452186,quarter_end_plus_120_days,conservative_pseudo_pit
5299009N55YRQC69CN08,ALPHA SERVICES & HOLDINGS S.A.,GR,2021-03-31,0.1599651665,0.1139541733,0.627709136444233,-0.004060357966331963,2.2254460834604535,quarter_end_plus_120_days,conservative_pseudo_pit
5299009N55YRQC69CN08,ALPHA SERVICES & HOLDINGS S.A.,GR,2021-06-30,0.1279744663,0.0803309131,0.5456505404276842,-0.03344023578925427,13.308160218113564,quarter_end_plus_120_days,conservative_pseudo_pit
5299009N55YRQC69CN08,ALPHA SERVICES & HOLDINGS S.A.,GR,2021-09-30,0.1386176905,0.0871334603,0.530892063108064,-0.03463358375635386,3.790169644381431,quarter_end_plus_120_days,conservative_pseudo_pit
5299009N55YRQC69CN08,ALPHA SERVICES & HOLDINGS S.A.,GR,2021-12-31,0.131942966,0.0769283873,0.4862003701530267,-0.0398988518527491,4.439336441059561,quarter_end_plus_120_days,conservative_pseudo_pit
5299009N55YRQC69CN08,ALPHA SERVICES & HOLDINGS S.A.,GR,2022-03-31,0.1181812208,0.0685839634,0.48804228197581107,0.0014983883523716857,-2.7808566820004375,quarter_end_plus_120_days,conservative_pseudo_pit
5299009N55YRQC69CN08,ALPHA SERVICES & HOLDINGS S.A.,GR,2022-06-30,0.1235983577,0.0597972085,0.4785926406675323,0.0027588991351464994,0.1181380175937687,quarter_end_plus_120_days,conservative_pseudo_pit
5299009N55YRQC69CN08,ALPHA SERVICES & HOLDINGS S.A.,GR,2022-09-30,0.1308781649,0.0596890024,0.45267669263353616,0.003651360772780987,0.07875426075896594,quarter_end_plus_120_days,conservative_pseudo_pit
5299009N55YRQC69CN08,ALPHA SERVICES & HOLDINGS S.A.,GR,2022-12-31,0.1324258262,0.0592538115,0.44349761091760886,0.0044412517500911665,0.5332674593724415,quarter_end_plus_120_days,conservative_pseudo_pit
5299009N55YRQC69CN08,ALPHA SERVICES & HOLDINGS S.A.,GR,2023-03-31,0.1239478029,0.0645095027,0.46518652771915797,0.0015053329559010786,0.38454620303265763,quarter_end_plus_120_days,conservative_pseudo_pit
5299009N55YRQC69CN08,ALPHA SERVICES & HOLDINGS S.A.,GR,2023-06-30,0.1349227364,0.0675545183,0.45060477444330166,0.004185803082963614,-0.03604301291499834,quarter_end_plus_120_days,conservative_pseudo_pit
5299009N55YRQC69CN08,ALPHA SERVICES & HOLDINGS S.A.,GR,2023-09-30,0.13328840942321,0.06604047738277,0.4456892312525215,0.006658899724237368,0.2182509917324354,quarter_end_plus_120_days,conservative_pseudo_pit
5299009N55YRQC69CN08,ALPHA SERVICES & HOLDINGS S.A.,GR,2023-12-31,0.14401890035747,0.07064102406331,0.4429081999986076,0.007253503425829305,0.33509242344514656,quarter_end_plus_120_days,conservative_pseudo_pit
5299009N55YRQC69CN08,ALPHA SERVICES & HOLDINGS S.A.,GR,2024-03-31,0.1462624804545,0.07084467132487,0.4391592094906199,0.0026933732765446272,-0.16734701451422662,quarter_end_plus_120_days,conservative_pseudo_pit
5299009N55YRQC69CN08,ALPHA SERVICES & HOLDINGS S.A.,GR,2024-06-30,0.14781433333522,0.07141289301277,0.43953548150128247,0.0038505454897135617,0.3072591552920948,quarter_end_plus_120_days,conservative_pseudo_pit
529900GGYMNGRQTDOO93,,NL,2020-12-31,0.3339826128,0.0347805993,0.07562225269105315,0.0013780102314691763,-0.62150370568077,quarter_end_plus_120_days,conservative_pseudo_pit
529900GGYMNGRQTDOO93,,NL,2021-06-30,0.3060440272,0.0992635414,0.08406391526627525,0.001168425038135502,0.18477586666856682,quarter_end_plus_120_days,conservative_pseudo_pit
529900GGYMNGRQTDOO93,,NL,2021-12-31,0.3197351545,0.1062984698,0.08560314405366139,0.001583941282924022,-1.0092373009127469,quarter_end_plus_120_days,conservative_pseudo_pit
529900GGYMNGRQTDOO93,,NL,2022-06-30,0.3678330045,0.0825023205,0.07889948462813351,0.001492672935863632,-1.651561901019582,quarter_end_plus_120_days,conservative_pseudo_pit
529900GGYMNGRQTDOO93,,NL,2022-12-31,0.3476859479,0.1298298908,0.10174638646720759,0.002676447567543514,-0.6734831356298585,quarter_end_plus_120_days,conservative_pseudo_pit
529900GGYMNGRQTDOO93,,NL,2023-06-30,0.3852775028,0.0890995034,0.08301201162285562,0.0010994609775558909,-1.0024445471700125,quarter_end_plus_120_days,conservative_pseudo_pit
529900GGYMNGRQTDOO93,,NL,2023-12-31,0.42835001742287,0.13356787482531,0.08277379197374872,0.0022023143766661153,-1.7548849928057524,quarter_end_plus_120_days,conservative_pseudo_pit
529900GGYMNGRQTDOO93,,NL,2024-06-30,0.40063730189866,0.10554789907197,0.08303650993467875,0.0012564922161319592,0.0632366549698018,quarter_end_plus_120_days,conservative_pseudo_pit
529900GJD3OQLRZCKW37,Volkswagen Bank GmbH,DE,2020-09-30,0.175515133,0.122963967,0.581410136566346,0.005232146011550533,-1.10512559547475,quarter_end_plus_120_days,conservative_pseudo_pit
529900GJD3OQLRZCKW37,Volkswagen Bank GmbH,DE,2020-12-31,0.1809886671,0.1371806209,0.5966519610901155,0.008360791665743186,-1.1728925002081416,quarter_end_plus_120_days,conservative_pseudo_pit
529900GJD3OQLRZCKW37,Volkswagen Bank GmbH,DE,2021-03-31,0.1890481428,0.1443710993,0.6023565550958527,0.001175316884140789,-0.10913740730492472,quarter_end_plus_120_days,conservative_pseudo_pit
529900GJD3OQLRZCKW37,Volkswagen Bank GmbH,DE,2021-06-30,0.1862624217,0.1412100197,0.613099950830625,0.0014845162404594633,0.113203820306919,quarter_end_plus_120_days,conservative_pseudo_pit
529900GJD3OQLRZCKW37,Volkswagen Bank GmbH,DE,2021-09-30,0.1921865872,0.1344778556,0.5903293590626834,0.0020473525497819046,-0.1754717651623226,quarter_end_plus_120_days,conservative_pseudo_pit
529900GJD3OQLRZCKW37,Volkswagen Bank GmbH,DE,2021-12-31,0.190088874,0.1341160339,0.5848874278774367,0.008354327856777042,-1.5719799828459204,quarter_end_plus_120_days,conservative_pseudo_pit
529900GJD3OQLRZCKW37,Volkswagen Bank GmbH,DE,2022-03-31,0.1784074005,0.1253554162,0.5849036780077602,-0.002331827657072631,1.2748571591561235,quarter_end_plus_120_days,conservative_pseudo_pit
529900GJD3OQLRZCKW37,Volkswagen Bank GmbH,DE,2022-06-30,0.1776975657,0.1334627396,0.6165717163170641,7.34710806322263e-05,-0.19921487903218082,quarter_end_plus_120_days,conservative_pseudo_pit
529900GJD3OQLRZCKW37,Volkswagen Bank GmbH,DE,2022-09-30,0.177418732,0.1401421205,0.6478338425232127,-0.0009952239775637367,0.6448226723934571,quarter_end_plus_120_days,conservative_pseudo_pit
529900GJD3OQLRZCKW37,Volkswagen Bank GmbH,DE,2022-12-31,0.1824542435,0.146827233,0.6655117609604743,-0.0001237125707906798,0.29367651018302054,quarter_end_plus_120_days,conservative_pseudo_pit
529900GJD3OQLRZCKW37,Volkswagen Bank GmbH,DE,2023-03-31,0.1816288686,0.1380816181,0.7868669965274919,0.0017211626185393417,-0.5815631245701921,quarter_end_plus_120_days,conservative_pseudo_pit
529900GJD3OQLRZCKW37,Volkswagen Bank GmbH,DE,2023-06-30,0.174384102,0.1272213271,0.7380009418334293,0.003913698307423966,0.25092174011966806,quarter_end_plus_120_days,conservative_pseudo_pit
529900GM944JT8YIRL63,,DE,2020-09-30,0.1873302194,0.0339683368,,,0.2653475958623578,quarter_end_plus_120_days,conservative_pseudo_pit
529900GM944JT8YIRL63,,DE,2020-12-31,0.2064033141,0.0358858463,,,-0.6401038667721672,quarter_end_plus_120_days,conservative_pseudo_pit
529900GM944JT8YIRL63,,DE,2021-03-31,0.201365716,0.0348629113,,,0.37085364633166085,quarter_end_plus_120_days,conservative_pseudo_pit
529900GM944JT8YIRL63,,DE,2021-06-30,0.1967164625,0.0357638031,,,0.520319075634232,quarter_end_plus_120_days,conservative_pseudo_pit
529900GM944JT8YIRL63,,DE,2021-09-30,0.2021314561,0.0355963862,,,-0.38751843158825255,quarter_end_plus_120_days,conservative_pseudo_pit
529900GM944JT8YIRL63,,DE,2021-12-31,0.2038855129,0.0360578076,,,0.14268872757977227,quarter_end_plus_120_days,conservative_pseudo_pit
529900GM944JT8YIRL63,,DE,2022-03-31,0.1967866631,0.0359439753,,,0.2007064289968302,quarter_end_plus_120_days,conservative_pseudo_pit
529900GM944JT8YIRL63,,DE,2022-06-30,0.1894460379,0.0357124578,,,0.41148018382728757,quarter_end_plus_120_days,conservative_pseudo_pit
529900GM944JT8YIRL63,,DE,2022-09-30,0.186899186,0.0358543007,,,0.16964532798386187,quarter_end_plus_120_days,conservative_pseudo_pit
529900GM944JT8YIRL63,,DE,2022-12-31,0.1895819624,0.0372420344,,,0.2536681582535322,quarter_end_plus_120_days,conservative_pseudo_pit
529900GM944JT8YIRL63,,DE,2023-03-31,0.1874793508,0.0369301078,,,0.2506055685779714,quarter_end_plus_120_days,conservative_pseudo_pit
529900GM944JT8YIRL63,,DE,2023-06-30,0.1768286557,0.036623162,,,1.0423426354811107,quarter_end_plus_120_days,conservative_pseudo_pit
529900GM944JT8YIRL63,,DE,2023-09-30,0.15957125937863,0.03612221270374,,,1.4651078348720568,quarter_end_plus_120_days,conservative_pseudo_pit
529900GM944JT8YIRL63,,DE,2023-12-31,0.16532227935724,0.03684304786703,,,0.42360823353408555,quarter_end_plus_120_days,conservative_pseudo_pit
529900GM944JT8YIRL63,,DE,2024-03-31,0.15326726736015,0.03591089497376,,,1.3142962806165381,quarter_end_plus_120_days,conservative_pseudo_pit
529900GM944JT8YIRL63,,DE,2024-06-30,0.15555555511019,0.03678318101471,,,0.5887619181284698,quarter_end_plus_120_days,conservative_pseudo_pit
