regime,model,horizon,forecasts,QLIKE
high_vix,Elastic_Net,1,1574,-5.54370805097171
high_vix,HAR,1,1574,-4.20508474091636
high_vix,HAR_Rates,1,1574,-3.96035125721463
high_vix,HAR_VIX,1,1574,-5.58159883721406
high_vix,Random_Forest,1,1574,1.27873842974729
high_vix,Ridge,1,1574,-5.42404486190192
high_vix,XGBoost,1,1574,2.21395243438505
rapid_tightening,Elastic_Net,1,150,-5.98846688682431
rapid_tightening,HAR,1,150,-5.066316583265
rapid_tightening,HAR_Rates,1,150,-5.31187347575018
rapid_tightening,HAR_VIX,1,150,-5.1537638731816
rapid_tightening,Random_Forest,1,150,-4.61354918765585
rapid_tightening,Ridge,1,150,-5.80440784575792
rapid_tightening,XGBoost,1,150,-5.28299775313337
equity_drawdown,Elastic_Net,1,1084,-4.72752837769101
equity_drawdown,HAR,1,1084,-3.44869746809887
equity_drawdown,HAR_Rates,1,1084,-2.9618812901841
equity_drawdown,HAR_VIX,1,1084,-4.59855712259997
equity_drawdown,Random_Forest,1,1084,5.21986561297619
equity_drawdown,Ridge,1,1084,-4.52767012095865
equity_drawdown,XGBoost,1,1084,6.32288755376949
inflation_shock,Elastic_Net,1,661,-6.00560737777806
inflation_shock,HAR,1,661,-4.83326430922445
inflation_shock,HAR_Rates,1,661,-4.7048122328187
inflation_shock,HAR_VIX,1,661,-5.58406659476718
inflation_shock,Random_Forest,1,661,3.88904507348988
inflation_shock,Ridge,1,661,-5.82735586845078
inflation_shock,XGBoost,1,661,9.73801653682479
growth_slowdown,Elastic_Net,1,2077,-6.49164708027262
growth_slowdown,HAR,1,2077,-5.55465211911938
growth_slowdown,HAR_Rates,1,2077,-5.28108068401351
growth_slowdown,HAR_VIX,1,2077,-6.54847687787689
growth_slowdown,Random_Forest,1,2077,-1.02166555301217
growth_slowdown,Ridge,1,2077,-6.31951318279203
growth_slowdown,XGBoost,1,2077,-0.844888359711222
high_vix,Elastic_Net,5,1574,-5.6647344340902
high_vix,HAR,5,1574,-5.51125531621708
high_vix,HAR_Rates,5,1574,-5.42680503488186
high_vix,HAR_VIX,5,1574,-5.67645767897054
high_vix,Random_Forest,5,1574,-5.30202897963217
high_vix,Ridge,5,1574,-5.63525389411742
high_vix,XGBoost,5,1574,-5.06984290018262
rapid_tightening,Elastic_Net,5,150,-5.94259786239167
rapid_tightening,HAR,5,150,-5.83342780235221
rapid_tightening,HAR_Rates,5,150,-5.85812914206181
rapid_tightening,HAR_VIX,5,150,-5.87253004184251
rapid_tightening,Random_Forest,5,150,-5.93211710677837
rapid_tightening,Ridge,5,150,-5.93014996806277
rapid_tightening,XGBoost,5,150,-5.93302028665918
equity_drawdown,Elastic_Net,5,1084,-5.45864930014373
equity_drawdown,HAR,5,1084,-5.30681438758634
equity_drawdown,HAR_Rates,5,1084,-5.19751703061211
equity_drawdown,HAR_VIX,5,1084,-5.46043129670209
equity_drawdown,Random_Forest,5,1084,-4.94346890339369
equity_drawdown,Ridge,5,1084,-5.42196798464472
equity_drawdown,XGBoost,5,1084,-4.60802836829783
inflation_shock,Elastic_Net,5,661,-6.13884509814283
inflation_shock,HAR,5,661,-5.96011341010923
inflation_shock,HAR_Rates,5,661,-5.92579380895522
inflation_shock,HAR_VIX,5,661,-6.08985265214493
inflation_shock,Random_Forest,5,661,-5.56094426615851
inflation_shock,Ridge,5,661,-6.10100975350677
inflation_shock,XGBoost,5,661,-4.84123053940719
growth_slowdown,Elastic_Net,5,2073,-6.48949319281139
growth_slowdown,HAR,5,2073,-6.29701449109477
growth_slowdown,HAR_Rates,5,2073,-6.2163832066541
growth_slowdown,HAR_VIX,5,2073,-6.47998829925117
growth_slowdown,Random_Forest,5,2073,-6.19635402379755
growth_slowdown,Ridge,5,2073,-6.46352808697224
growth_slowdown,XGBoost,5,2073,-6.02143337357514
high_vix,Elastic_Net,10,1573,-4.97083011558486
high_vix,HAR,10,1573,-4.88740221036791
high_vix,HAR_Rates,10,1573,-4.77638074701231
high_vix,HAR_VIX,10,1573,-4.99710063180394
high_vix,Random_Forest,10,1573,-4.66286370844049
high_vix,Ridge,10,1573,-4.95041007313017
high_vix,XGBoost,10,1573,-4.63925286164572
rapid_tightening,Elastic_Net,10,150,-5.32862421917089
rapid_tightening,HAR,10,150,-5.27520700317455
rapid_tightening,HAR_Rates,10,150,-5.28385148481977
rapid_tightening,HAR_VIX,10,150,-5.29806466741138
rapid_tightening,Random_Forest,10,150,-5.27852699237843
rapid_tightening,Ridge,10,150,-5.33039373431675
rapid_tightening,XGBoost,10,150,-5.30731733279887
equity_drawdown,Elastic_Net,10,1083,-4.76039297525934
equity_drawdown,HAR,10,1083,-4.69922663612534
equity_drawdown,HAR_Rates,10,1083,-4.56459426493116
equity_drawdown,HAR_VIX,10,1083,-4.77443685434968
equity_drawdown,Random_Forest,10,1083,-4.3388338532407
equity_drawdown,Ridge,10,1083,-4.74073802595961
equity_drawdown,XGBoost,10,1083,-4.29252016028224
inflation_shock,Elastic_Net,10,661,-5.38068840024753
inflation_shock,HAR,10,661,-5.28325433395675
inflation_shock,HAR_Rates,10,661,-5.24096630282929
inflation_shock,HAR_VIX,10,661,-5.3660010485271
inflation_shock,Random_Forest,10,661,-4.97563748416393
inflation_shock,Ridge,10,661,-5.37929241799558
inflation_shock,XGBoost,10,661,-4.92594764814741
growth_slowdown,Elastic_Net,10,2068,-5.72384161137846
growth_slowdown,HAR,10,2068,-5.60084032420385
growth_slowdown,HAR_Rates,10,2068,-5.49231531150235
growth_slowdown,HAR_VIX,10,2068,-5.72715594741672
growth_slowdown,Random_Forest,10,2068,-5.47830916376744
growth_slowdown,Ridge,10,2068,-5.69890998088618
growth_slowdown,XGBoost,10,2068,-5.4155507309727
high_vix,Elastic_Net,22,1573,-4.1657763432312
high_vix,HAR,22,1573,-4.15985014568546
high_vix,HAR_Rates,22,1573,-3.98269318160793
high_vix,HAR_VIX,22,1573,-4.2232234343915
high_vix,Random_Forest,22,1573,-3.56704795628106
high_vix,Ridge,22,1573,-4.14998373411629
high_vix,XGBoost,22,1573,-3.60938348050143
rapid_tightening,Elastic_Net,22,150,-4.52828426821909
rapid_tightening,HAR,22,150,-4.47683618082669
rapid_tightening,HAR_Rates,22,150,-4.48957813320845
rapid_tightening,HAR_VIX,22,150,-4.49762536123399
rapid_tightening,Random_Forest,22,150,-4.37934615040631
rapid_tightening,Ridge,22,150,-4.53137579822134
rapid_tightening,XGBoost,22,150,-4.45101706336747
equity_drawdown,Elastic_Net,22,1083,-4.00209226573766
equity_drawdown,HAR,22,1083,-4.01365734109808
equity_drawdown,HAR_Rates,22,1083,-3.80660185862277
equity_drawdown,HAR_VIX,22,1083,-4.05954171462331
equity_drawdown,Random_Forest,22,1083,-3.14856150465985
equity_drawdown,Ridge,22,1083,-4.0084081598024
equity_drawdown,XGBoost,22,1083,-3.25578485567959
inflation_shock,Elastic_Net,22,659,-4.38779963759349
inflation_shock,HAR,22,659,-4.33833438508376
inflation_shock,HAR_Rates,22,659,-4.27516937098349
inflation_shock,HAR_VIX,22,659,-4.36069726282201
inflation_shock,Random_Forest,22,659,-3.62932735000574
inflation_shock,Ridge,22,659,-4.43476381671295
inflation_shock,XGBoost,22,659,-3.4075149617237
growth_slowdown,Elastic_Net,22,2056,-4.59190158392418
growth_slowdown,HAR,22,2056,-4.60531097297798
growth_slowdown,HAR_Rates,22,2056,-4.36879713606241
growth_slowdown,HAR_VIX,22,2056,-4.64069856319212
growth_slowdown,Random_Forest,22,2056,-3.85873025189022
growth_slowdown,Ridge,22,2056,-4.56330014220586
growth_slowdown,XGBoost,22,2056,-3.92098111589927
